,chanceoffog,chanceoffrost,chanceofhightemp,chanceofovercast,chanceofrain,chanceofremdry,chanceofsnow,chanceofsunshine,chanceofthunder,chanceofwindy,cloudcover,dewpoint,feelslike,heatindex,humidity,precip,pressure,temperature,time,uv_index,visibility,weather_code,weather_descriptions,weather_icons,wind_degree,wind_dir,wind_speed,windchill,windgust,location,date
0,0,0,0,0,0,0,0,0,0,0,80,5,3,7,86,0.1,1025,7,0,1,10,353,['Light rain shower'],['https://assets.weatherstack.com/images/wsymbols01_png_64/wsymbol_0025_light_rain_showers_night.png'],230,SW,24,3,42,Glasgow,2020-01-05
1,0,0,0,0,0,0,0,0,0,0,75,5,3,7,86,0.1,1025,7,100,1,10,353,['Light rain shower'],['https://assets.weatherstack.com/images/wsymbols01_png_64/wsymbol_0025_light_rain_showers_night.png'],230,SW,23,3,40,Glasgow,2020-01-05
2,0,0,0,0,0,0,0,0,0,0,69,5,3,7,87,0.0,1024,7,200,1,10,119,['Cloudy'],['https://assets.weatherstack.com/images/wsymbols01_png_64/wsymbol_0004_black_low_cloud.png'],229,SW,22,3,39,Glasgow,2020-01-05
3,0,0,0,0,0,0,0,0,0,0,63,5,3,7,87,0.0,1024,7,300,1,10,119,['Cloudy'],['https://assets.weatherstack.com/images/wsymbols01_png_64/wsymbol_0004_black_low_cloud.png'],228,SW,21,3,37,Glasgow,2020-01-05
4,0,0,0,0,0,0,0,0,0,0,64,5,3,7,86,0.0,1023,7,400,1,10,119,['Cloudy'],['https://assets.weatherstack.com/images/wsymbols01_png_64/wsymbol_0004_black_low_cloud.png'],226,SW,22,3,38,Glasgow,2020-01-05
5,0,0,0,0,0,0,0,0,0,0,65,4,3,7,86,0.0,1023,7,500,1,10,176,['Patchy rain possible'],['https://assets.weatherstack.com/images/wsymbols01_png_64/wsymbol_0025_light_rain_showers_night.png'],223,SW,22,3,39,Glasgow,2020-01-05
6,0,0,0,0,0,0,0,0,0,0,66,4,3,7,85,0.0,1023,7,600,1,10,176,['Patchy rain possible'],['https://assets.weatherstack.com/images/wsymbols01_png_64/wsymbol_0025_light_rain_showers_night.png'],220,SW,22,3,40,Glasgow,2020-01-05
7,0,0,0,0,0,0,0,0,0,0,76,5,3,7,86,0.0,1023,7,700,1,10,176,['Patchy rain possible'],['https://assets.weatherstack.com/images/wsymbols01_png_64/wsymbol_0025_light_rain_showers_night.png'],220,SW,24,3,41,Glasgow,2020-01-05
8,0,0,0,0,0,0,0,0,0,0,86,5,3,7,88,0.0,1022,7,800,1,10,122,['Overcast'],['https://assets.weatherstack.com/images/wsymbols01_png_64/wsymbol_0004_black_low_cloud.png'],220,SW,25,3,42,Glasgow,2020-01-05
9,0,0,0,0,0,0,0,0,0,0,96,5,3,7,90,0.0,1022,7,900,1,10,122,['Overcast'],['https://assets.weatherstack.com/images/wsymbols01_png_64/wsymbol_0004_black_low_cloud.png'],219,SW,26,3,43,Glasgow,2020-01-05
10,0,0,0,0,0,0,0,0,0,0,97,6,3,7,90,0.0,1022,7,1000,1,10,122,['Overcast'],['https://assets.weatherstack.com/images/wsymbols01_png_64/wsymbol_0004_black_low_cloud.png'],219,SW,26,3,42,Glasgow,2020-01-05
11,0,0,0,0,0,0,0,0,0,0,99,6,4,8,90,0.0,1022,8,1100,1,10,176,['Patchy rain possible'],['https://assets.weatherstack.com/images/wsymbols01_png_64/wsymbol_0009_light_rain_showers.png'],218,SW,27,4,41,Glasgow,2020-01-05
12,0,0,0,0,0,0,0,0,0,0,100,7,4,8,90,0.0,1022,8,1200,1,10,176,['Patchy rain possible'],['https://assets.weatherstack.com/images/wsymbols01_png_64/wsymbol_0009_light_rain_showers.png'],218,SW,27,4,41,Glasgow,2020-01-05
13,0,0,0,0,0,0,0,0,0,0,100,7,4,8,90,0.0,1021,8,1300,1,10,176,['Patchy rain possible'],['https://assets.weatherstack.com/images/wsymbols01_png_64/wsymbol_0009_light_rain_showers.png'],217,SW,26,4,40,Glasgow,2020-01-05
14,0,0,0,0,0,0,0,0,0,0,100,7,5,8,89,0.0,1021,8,1400,1,10,176,['Patchy rain possible'],['https://assets.weatherstack.com/images/wsymbols01_png_64/wsymbol_0009_light_rain_showers.png'],216,SW,25,5,40,Glasgow,2020-01-05
15,0,0,0,0,0,0,0,0,0,0,100,7,5,8,89,0.0,1020,8,1500,1,10,176,['Patchy rain possible'],['https://assets.weatherstack.com/images/wsymbols01_png_64/wsymbol_0009_light_rain_showers.png'],215,SW,24,5,39,Glasgow,2020-01-05
16,0,0,0,0,0,0,0,0,0,0,100,7,5,9,89,0.0,1020,8,1600,1,7,176,['Patchy rain possible'],['https://assets.weatherstack.com/images/wsymbols01_png_64/wsymbol_0009_light_rain_showers.png'],214,SSW,24,5,40,Glasgow,2020-01-05
17,0,0,0,0,0,0,0,0,0,0,100,7,6,9,89,0.1,1020,7,1700,1,5,266,['Light drizzle'],['https://assets.weatherstack.com/images/wsymbols01_png_64/wsymbol_0033_cloudy_with_light_rain_night.png'],212,SSW,24,6,40,Glasgow,2020-01-05
18,0,0,0,0,0,0,0,0,0,0,100,7,6,9,90,0.1,1021,6,1800,1,2,266,['Light drizzle'],['https://assets.weatherstack.com/images/wsymbols01_png_64/wsymbol_0033_cloudy_with_light_rain_night.png'],211,SSW,23,6,40,Glasgow,2020-01-05
19,0,0,0,0,0,0,0,0,0,0,100,7,6,9,90,0.0,1020,6,1900,1,5,266,['Light drizzle'],['https://assets.weatherstack.com/images/wsymbols01_png_64/wsymbol_0033_cloudy_with_light_rain_night.png'],210,SSW,24,6,42,Glasgow,2020-01-05
20,0,0,0,0,0,0,0,0,0,0,100,7,5,8,90,0.0,1019,5,2000,1,7,122,['Overcast'],['https://assets.weatherstack.com/images/wsymbols01_png_64/wsymbol_0004_black_low_cloud.png'],209,SSW,25,5,43,Glasgow,2020-01-05
21,0,0,0,0,0,0,0,0,0,0,100,7,4,7,90,0.0,1018,4,2100,1,10,122,['Overcast'],['https://assets.weatherstack.com/images/wsymbols01_png_64/wsymbol_0004_black_low_cloud.png'],208,SSW,26,4,44,Glasgow,2020-01-05
22,0,0,0,0,0,0,0,0,0,0,100,7,4,8,88,0.0,1018,6,2200,1,10,122,['Overcast'],['https://assets.weatherstack.com/images/wsymbols01_png_64/wsymbol_0004_black_low_cloud.png'],207,SSW,27,4,44,Glasgow,2020-01-05
23,0,0,0,0,0,0,0,0,0,0,100,6,4,8,86,0.0,1017,7,2300,1,10,122,['Overcast'],['https://assets.weatherstack.com/images/wsymbols01_png_64/wsymbol_0004_black_low_cloud.png'],205,SSW,27,4,44,Glasgow,2020-01-05
0,0,0,0,0,0,0,0,0,0,0,100,6,4,8,85,0.0,1016,8,0,0,10,122,['Overcast'],['https://assets.weatherstack.com/images/wsymbols01_png_64/wsymbol_0004_black_low_cloud.png'],204,SSW,27,4,44,Glasgow,2020-01-06
1,0,0,0,0,0,0,0,0,0,0,93,5,4,8,84,0.0,1015,8,100,0,10,122,['Overcast'],['https://assets.weatherstack.com/images/wsymbols01_png_64/wsymbol_0004_black_low_cloud.png'],204,SSW,28,4,43,Glasgow,2020-01-06
2,0,0,0,0,0,0,0,0,0,0,86,5,4,8,83,0.0,1014,8,200,0,10,119,['Cloudy'],['https://assets.weatherstack.com/images/wsymbols01_png_64/wsymbol_0004_black_low_cloud.png'],203,SSW,28,4,43,Glasgow,2020-01-06
3,0,0,0,0,0,0,0,0,0,0,80,5,4,8,83,0.0,1012,8,300,0,10,119,['Cloudy'],['https://assets.weatherstack.com/images/wsymbols01_png_64/wsymbol_0004_black_low_cloud.png'],203,SSW,28,4,43,Glasgow,2020-01-06
4,0,0,0,0,0,0,0,0,0,0,84,5,3,7,82,0.0,1011,7,400,0,10,119,['Cloudy'],['https://assets.weatherstack.com/images/wsymbols01_png_64/wsymbol_0004_black_low_cloud.png'],202,SSW,29,3,45,Glasgow,2020-01-06
5,0,0,0,0,0,0,0,0,0,0,89,4,3,7,81,0.0,1010,7,500,0,10,122,['Overcast'],['https://assets.weatherstack.com/images/wsymbols01_png_64/wsymbol_0004_black_low_cloud.png'],201,SSW,30,3,47,Glasgow,2020-01-06
6,0,0,0,0,0,0,0,0,0,0,94,4,3,7,80,0.0,1009,7,600,0,10,122,['Overcast'],['https://assets.weatherstack.com/images/wsymbols01_png_64/wsymbol_0004_black_low_cloud.png'],200,SSW,31,3,50,Glasgow,2020-01-06
7,0,0,0,0,0,0,0,0,0,0,96,4,3,7,80,0.0,1007,7,700,0,10,122,['Overcast'],['https://assets.weatherstack.com/images/wsymbols01_png_64/wsymbol_0004_black_low_cloud.png'],199,SSW,32,3,49,Glasgow,2020-01-06
8,0,0,0,0,0,0,0,0,0,0,98,5,4,8,80,0.0,1006,8,800,0,10,122,['Overcast'],['https://assets.weatherstack.com/images/wsymbols01_png_64/wsymbol_0004_black_low_cloud.png'],197,SSW,33,4,48,Glasgow,2020-01-06
9,0,0,0,0,0,0,0,0,0,0,100,5,4,8,80,0.0,1004,8,900,2,10,122,['Overcast'],['https://assets.weatherstack.com/images/wsymbols01_png_64/wsymbol_0004_black_low_cloud.png'],196,SSW,33,4,48,Glasgow,2020-01-06
10,0,0,0,0,0,0,0,0,0,0,100,6,4,8,83,0.0,1003,8,1000,2,9,122,['Overcast'],['https://assets.weatherstack.com/images/wsymbols01_png_64/wsymbol_0004_black_low_cloud.png'],197,SSW,36,4,50,Glasgow,2020-01-06
11,0,0,0,0,0,0,0,0,0,0,100,6,4,9,86,0.9,1003,9,1100,2,8,302,['Moderate rain'],['https://assets.weatherstack.com/images/wsymbols01_png_64/wsymbol_0018_cloudy_with_heavy_rain.png'],198,SSW,38,4,52,Glasgow,2020-01-06
12,0,0,0,0,0,0,0,0,0,0,100,7,5,9,89,1.2,1002,9,1200,2,7,302,['Moderate rain'],['https://assets.weatherstack.com/images/wsymbols01_png_64/wsymbol_0018_cloudy_with_heavy_rain.png'],199,SSW,40,5,54,Glasgow,2020-01-06
13,0,0,0,0,0,0,0,0,0,0,86,6,4,9,86,0.6,1002,9,1300,2,7,302,['Moderate rain'],['https://assets.weatherstack.com/images/wsymbols01_png_64/wsymbol_0018_cloudy_with_heavy_rain.png'],221,SW,35,4,48,Glasgow,2020-01-06
14,0,0,0,0,0,0,0,0,0,0,71,5,4,8,83,1.1,1003,8,1400,2,8,299,['Moderate rain at times'],['https://assets.weatherstack.com/images/wsymbols01_png_64/wsymbol_0010_heavy_rain_showers.png'],243,WSW,29,4,41,Glasgow,2020-01-06
15,0,0,0,0,0,0,0,0,0,0,57,5,4,8,80,1.4,1004,8,1500,2,8,299,['Moderate rain at times'],['https://assets.weatherstack.com/images/wsymbols01_png_64/wsymbol_0010_heavy_rain_showers.png'],265,W,24,4,35,Glasgow,2020-01-06
16,0,0,0,0,0,0,0,0,0,0,63,4,4,7,81,0.7,1005,7,1600,2,8,299,['Moderate rain at times'],['https://assets.weatherstack.com/images/wsymbols01_png_64/wsymbol_0010_heavy_rain_showers.png'],259,W,21,4,32,Glasgow,2020-01-06
17,0,0,0,0,0,0,0,0,0,0,69,3,3,6,81,1.0,1007,6,1700,0,8,299,['Moderate rain at times'],['https://assets.weatherstack.com/images/wsymbols01_png_64/wsymbol_0026_heavy_rain_showers_night.png'],254,WSW,18,3,28,Glasgow,2020-01-06
18,0,0,0,0,0,0,0,0,0,0,75,3,3,6,82,1.3,1008,6,1800,0,8,299,['Moderate rain at times'],['https://assets.weatherstack.com/images/wsymbols01_png_64/wsymbol_0026_heavy_rain_showers_night.png'],249,WSW,14,3,25,Glasgow,2020-01-06
19,0,0,0,0,0,0,0,0,0,0,58,3,3,6,83,0.6,1009,6,1900,0,9,299,['Moderate rain at times'],['https://assets.weatherstack.com/images/wsymbols01_png_64/wsymbol_0026_heavy_rain_showers_night.png'],245,WSW,14,3,25,Glasgow,2020-01-06
20,0,0,0,0,0,0,0,0,0,0,41,3,2,5,84,0.0,1010,5,2000,0,9,116,['Partly cloudy'],['https://assets.weatherstack.com/images/wsymbols01_png_64/wsymbol_0004_black_low_cloud.png'],241,WSW,14,2,25,Glasgow,2020-01-06
21,0,0,0,0,0,0,0,0,0,0,24,3,2,5,85,0.0,1012,5,2100,0,10,116,['Partly cloudy'],['https://assets.weatherstack.com/images/wsymbols01_png_64/wsymbol_0004_black_low_cloud.png'],237,WSW,14,2,26,Glasgow,2020-01-06
22,0,0,0,0,0,0,0,0,0,0,43,3,2,5,86,0.0,1012,5,2200,0,10,116,['Partly cloudy'],['https://assets.weatherstack.com/images/wsymbols01_png_64/wsymbol_0004_black_low_cloud.png'],232,SW,15,2,27,Glasgow,2020-01-06
23,0,0,0,0,0,0,0,0,0,0,61,3,2,5,87,0.0,1013,5,2300,0,10,176,['Patchy rain possible'],['https://assets.weatherstack.com/images/wsymbols01_png_64/wsymbol_0025_light_rain_showers_night.png'],226,SW,15,2,28,Glasgow,2020-01-06
0,0,0,0,0,0,0,0,0,0,0,79,3,1,5,87,0.1,1013,5,0,1,10,176,['Patchy rain possible'],['https://assets.weatherstack.com/images/wsymbols01_png_64/wsymbol_0025_light_rain_showers_night.png'],221,SW,16,1,29,Glasgow,2020-01-07
1,0,0,0,0,0,0,0,0,0,0,66,3,1,5,87,0.0,1013,5,100,1,10,176,['Patchy rain possible'],['https://assets.weatherstack.com/images/wsymbols01_png_64/wsymbol_0025_light_rain_showers_night.png'],215,SW,17,1,31,Glasgow,2020-01-07
2,0,0,0,0,0,0,0,0,0,0,54,3,1,5,87,0.0,1013,5,200,1,10,116,['Partly cloudy'],['https://assets.weatherstack.com/images/wsymbols01_png_64/wsymbol_0004_black_low_cloud.png'],210,SSW,18,1,33,Glasgow,2020-01-07
3,0,0,0,0,0,0,0,0,0,0,41,2,0,4,87,0.0,1012,4,300,1,10,116,['Partly cloudy'],['https://assets.weatherstack.com/images/wsymbols01_png_64/wsymbol_0004_black_low_cloud.png'],204,SSW,19,0,35,Glasgow,2020-01-07
4,0,0,0,0,0,0,0,0,0,0,61,3,1,5,87,0.0,1011,5,400,1,7,116,['Partly cloudy'],['https://assets.weatherstack.com/images/wsymbols01_png_64/wsymbol_0004_black_low_cloud.png'],203,SSW,23,1,39,Glasgow,2020-01-07
5,0,0,0,0,0,0,0,0,0,0,80,4,1,5,88,0.1,1010,5,500,1,5,266,['Light drizzle'],['https://assets.weatherstack.com/images/wsymbols01_png_64/wsymbol_0033_cloudy_with_light_rain_night.png'],202,SSW,27,1,43,Glasgow,2020-01-07
6,0,0,0,0,0,0,0,0,0,0,100,4,1,6,89,0.1,1010,6,600,1,2,266,['Light drizzle'],['https://assets.weatherstack.com/images/wsymbols01_png_64/wsymbol_0033_cloudy_with_light_rain_night.png'],202,SSW,30,1,46,Glasgow,2020-01-07
7,0,0,0,0,0,0,0,0,0,0,100,5,2,7,89,0.1,1008,7,700,1,4,266,['Light drizzle'],['https://assets.weatherstack.com/images/wsymbols01_png_64/wsymbol_0033_cloudy_with_light_rain_night.png'],201,SSW,31,2,48,Glasgow,2020-01-07
8,0,0,0,0,0,0,0,0,0,0,100,6,3,7,90,1.2,1007,7,800,1,5,302,['Moderate rain'],['https://assets.weatherstack.com/images/wsymbols01_png_64/wsymbol_0034_cloudy_with_heavy_rain_night.png'],201,SSW,32,3,50,Glasgow,2020-01-07
9,0,0,0,0,0,0,0,0,0,0,100,6,4,8,91,1.6,1005,8,900,1,7,302,['Moderate rain'],['https://assets.weatherstack.com/images/wsymbols01_png_64/wsymbol_0018_cloudy_with_heavy_rain.png'],200,SSW,33,4,51,Glasgow,2020-01-07
10,0,0,0,0,0,0,0,0,0,0,100,7,5,9,91,0.8,1004,9,1000,1,6,302,['Moderate rain'],['https://assets.weatherstack.com/images/wsymbols01_png_64/wsymbol_0018_cloudy_with_heavy_rain.png'],200,SSW,35,5,54,Glasgow,2020-01-07
11,0,0,0,0,0,0,0,0,0,0,100,8,6,10,90,3.3,1003,10,1100,1,6,308,['Heavy rain'],['https://assets.weatherstack.com/images/wsymbols01_png_64/wsymbol_0018_cloudy_with_heavy_rain.png'],199,SSW,37,6,57,Glasgow,2020-01-07
12,0,0,0,0,0,0,0,0,0,0,100,10,8,11,90,4.4,1003,11,1200,1,5,308,['Heavy rain'],['https://assets.weatherstack.com/images/wsymbols01_png_64/wsymbol_0018_cloudy_with_heavy_rain.png'],198,SSW,38,8,59,Glasgow,2020-01-07
13,0,0,0,0,0,0,0,0,0,0,100,10,8,12,89,2.2,1001,12,1300,1,6,308,['Heavy rain'],['https://assets.weatherstack.com/images/wsymbols01_png_64/wsymbol_0018_cloudy_with_heavy_rain.png'],201,SSW,40,8,63,Glasgow,2020-01-07
14,0,0,0,0,0,0,0,0,0,0,100,10,8,12,89,0.3,1000,12,1400,1,8,296,['Light rain'],['https://assets.weatherstack.com/images/wsymbols01_png_64/wsymbol_0017_cloudy_with_light_rain.png'],203,SSW,42,8,67,Glasgow,2020-01-07
15,0,0,0,0,0,0,0,0,0,0,100,10,9,12,89,0.4,998,12,1500,1,9,296,['Light rain'],['https://assets.weatherstack.com/images/wsymbols01_png_64/wsymbol_0017_cloudy_with_light_rain.png'],206,SSW,44,9,71,Glasgow,2020-01-07
16,0,0,0,0,0,0,0,0,0,0,100,11,9,12,88,0.2,998,11,1600,1,9,296,['Light rain'],['https://assets.weatherstack.com/images/wsymbols01_png_64/wsymbol_0017_cloudy_with_light_rain.png'],210,SSW,45,9,69,Glasgow,2020-01-07
17,0,0,0,0,0,0,0,0,0,0,100,11,9,12,88,0.6,998,10,1700,1,9,296,['Light rain'],['https://assets.weatherstack.com/images/wsymbols01_png_64/wsymbol_0033_cloudy_with_light_rain_night.png'],214,SSW,45,9,67,Glasgow,2020-01-07
18,0,0,0,0,0,0,0,0,0,0,100,11,9,11,87,0.8,998,9,1800,1,9,296,['Light rain'],['https://assets.weatherstack.com/images/wsymbols01_png_64/wsymbol_0033_cloudy_with_light_rain_night.png'],218,SW,45,9,66,Glasgow,2020-01-07
19,0,0,0,0,0,0,0,0,0,0,100,9,8,10,83,0.4,998,8,1900,1,9,296,['Light rain'],['https://assets.weatherstack.com/images/wsymbols01_png_64/wsymbol_0033_cloudy_with_light_rain_night.png'],225,SW,42,8,63,Glasgow,2020-01-07
20,0,0,0,0,0,0,0,0,0,0,100,7,7,9,78,0.7,999,7,2000,1,10,353,['Light rain shower'],['https://assets.weatherstack.com/images/wsymbols01_png_64/wsymbol_0025_light_rain_showers_night.png'],232,SW,39,7,60,Glasgow,2020-01-07
21,0,0,0,0,0,0,0,0,0,0,100,5,5,7,74,0.9,999,5,2100,1,10,353,['Light rain shower'],['https://assets.weatherstack.com/images/wsymbols01_png_64/wsymbol_0025_light_rain_showers_night.png'],240,WSW,37,5,58,Glasgow,2020-01-07
22,0,0,0,0,0,0,0,0,0,0,100,5,5,8,75,0.4,1001,6,2200,1,10,353,['Light rain shower'],['https://assets.weatherstack.com/images/wsymbols01_png_64/wsymbol_0025_light_rain_showers_night.png'],248,WSW,34,5,52,Glasgow,2020-01-07
23,0,0,0,0,0,0,0,0,0,0,100,5,5,8,76,0.7,1003,7,2300,1,10,353,['Light rain shower'],['https://assets.weatherstack.com/images/wsymbols01_png_64/wsymbol_0025_light_rain_showers_night.png'],257,WSW,31,5,45,Glasgow,2020-01-07
0,0,0,0,0,0,0,0,0,0,0,24,3,1,5,91,0,1031,5,0,1,10,116,['Partly cloudy'],['https://assets.weatherstack.com/images/wsymbols01_png_64/wsymbol_0004_black_low_cloud.png'],235,SW,18,1,31,Leeming,2020-01-05
1,0,0,0,0,0,0,0,0,0,0,28,3,1,5,90,0,1031,5,100,1,10,116,['Partly cloudy'],['https://assets.weatherstack.com/images/wsymbols01_png_64/wsymbol_0004_black_low_cloud.png'],237,WSW,18,1,32,Leeming,2020-01-05
2,0,0,0,0,0,0,0,0,0,0,32,3,1,4,90,0,1031,4,200,1,10,116,['Partly cloudy'],['https://assets.weatherstack.com/images/wsymbols01_png_64/wsymbol_0004_black_low_cloud.png'],239,WSW,18,1,33,Leeming,2020-01-05
3,0,0,0,0,0,0,0,0,0,0,36,3,0,4,90,0,1030,4,300,1,10,116,['Partly cloudy'],['https://assets.weatherstack.com/images/wsymbols01_png_64/wsymbol_0004_black_low_cloud.png'],241,WSW,18,0,33,Leeming,2020-01-05
4,0,0,0,0,0,0,0,0,0,0,39,3,0,4,91,0,1030,4,400,1,10,116,['Partly cloudy'],['https://assets.weatherstack.com/images/wsymbols01_png_64/wsymbol_0004_black_low_cloud.png'],237,WSW,18,0,34,Leeming,2020-01-05
5,0,0,0,0,0,0,0,0,0,0,43,3,1,4,92,0,1030,4,500,1,10,116,['Partly cloudy'],['https://assets.weatherstack.com/images/wsymbols01_png_64/wsymbol_0004_black_low_cloud.png'],234,SW,19,1,34,Leeming,2020-01-05
6,0,0,0,0,0,0,0,0,0,0,46,4,1,5,93,0,1030,5,600,1,10,116,['Partly cloudy'],['https://assets.weatherstack.com/images/wsymbols01_png_64/wsymbol_0004_black_low_cloud.png'],230,SW,19,1,35,Leeming,2020-01-05
7,0,0,0,0,0,0,0,0,0,0,58,4,1,5,92,0,1029,5,700,1,10,116,['Partly cloudy'],['https://assets.weatherstack.com/images/wsymbols01_png_64/wsymbol_0004_black_low_cloud.png'],231,SW,21,1,36,Leeming,2020-01-05
8,0,0,0,0,0,0,0,0,0,0,70,4,1,5,90,0,1029,5,800,1,10,119,['Cloudy'],['https://assets.weatherstack.com/images/wsymbols01_png_64/wsymbol_0004_black_low_cloud.png'],231,SW,22,1,37,Leeming,2020-01-05
9,0,0,0,0,0,0,0,0,0,0,83,4,2,6,89,0,1028,6,900,1,10,119,['Cloudy'],['https://assets.weatherstack.com/images/wsymbols01_png_64/wsymbol_0003_white_cloud.png'],232,SW,24,2,39,Leeming,2020-01-05
10,0,0,0,0,0,0,0,0,0,0,83,4,2,6,88,0,1028,6,1000,1,10,119,['Cloudy'],['https://assets.weatherstack.com/images/wsymbols01_png_64/wsymbol_0003_white_cloud.png'],232,SW,23,2,37,Leeming,2020-01-05
11,0,0,0,0,0,0,0,0,0,0,83,5,3,7,87,0,1028,7,1100,1,10,119,['Cloudy'],['https://assets.weatherstack.com/images/wsymbols01_png_64/wsymbol_0003_white_cloud.png'],231,SW,23,3,35,Leeming,2020-01-05
12,0,0,0,0,0,0,0,0,0,0,84,5,3,7,86,0,1028,7,1200,1,10,119,['Cloudy'],['https://assets.weatherstack.com/images/wsymbols01_png_64/wsymbol_0003_white_cloud.png'],231,SW,22,3,32,Leeming,2020-01-05
13,0,0,0,0,0,0,0,0,0,0,89,5,4,7,86,0,1028,7,1300,1,10,119,['Cloudy'],['https://assets.weatherstack.com/images/wsymbols01_png_64/wsymbol_0003_white_cloud.png'],231,SW,21,4,32,Leeming,2020-01-05
14,0,0,0,0,0,0,0,0,0,0,95,5,4,7,87,0,1027,7,1400,1,10,122,['Overcast'],['https://assets.weatherstack.com/images/wsymbols01_png_64/wsymbol_0004_black_low_cloud.png'],231,SW,20,4,31,Leeming,2020-01-05
15,0,0,0,0,0,0,0,0,0,0,100,6,5,8,87,0,1027,8,1500,1,10,122,['Overcast'],['https://assets.weatherstack.com/images/wsymbols01_png_64/wsymbol_0004_black_low_cloud.png'],232,SW,19,5,30,Leeming,2020-01-05
16,0,0,0,0,0,0,0,0,0,0,94,6,4,7,88,0,1027,7,1600,1,10,122,['Overcast'],['https://assets.weatherstack.com/images/wsymbols01_png_64/wsymbol_0004_black_low_cloud.png'],231,SW,19,4,30,Leeming,2020-01-05
17,0,0,0,0,0,0,0,0,0,0,89,6,4,7,89,0,1027,7,1700,1,10,119,['Cloudy'],['https://assets.weatherstack.com/images/wsymbols01_png_64/wsymbol_0004_black_low_cloud.png'],229,SW,18,4,30,Leeming,2020-01-05
18,0,0,0,0,0,0,0,0,0,0,83,6,4,7,90,0,1027,7,1800,1,10,119,['Cloudy'],['https://assets.weatherstack.com/images/wsymbols01_png_64/wsymbol_0004_black_low_cloud.png'],228,SW,18,4,30,Leeming,2020-01-05
19,0,0,0,0,0,0,0,0,0,0,66,5,4,7,91,0,1026,7,1900,1,10,119,['Cloudy'],['https://assets.weatherstack.com/images/wsymbols01_png_64/wsymbol_0004_black_low_cloud.png'],226,SW,17,4,29,Leeming,2020-01-05
20,0,0,0,0,0,0,0,0,0,0,49,5,3,6,91,0,1026,6,2000,1,10,116,['Partly cloudy'],['https://assets.weatherstack.com/images/wsymbols01_png_64/wsymbol_0004_black_low_cloud.png'],224,SW,17,3,29,Leeming,2020-01-05
21,0,0,0,0,0,0,0,0,0,0,32,5,3,6,92,0,1025,6,2100,1,10,116,['Partly cloudy'],['https://assets.weatherstack.com/images/wsymbols01_png_64/wsymbol_0004_black_low_cloud.png'],222,SW,17,3,29,Leeming,2020-01-05
22,0,0,0,0,0,0,0,0,0,0,32,4,2,5,92,0,1025,5,2200,1,10,116,['Partly cloudy'],['https://assets.weatherstack.com/images/wsymbols01_png_64/wsymbol_0004_black_low_cloud.png'],221,SW,17,2,29,Leeming,2020-01-05
23,0,0,0,0,0,0,0,0,0,0,31,4,2,5,92,0,1025,5,2300,1,10,116,['Partly cloudy'],['https://assets.weatherstack.com/images/wsymbols01_png_64/wsymbol_0004_black_low_cloud.png'],220,SW,17,2,29,Leeming,2020-01-05
0,0,0,0,0,0,0,0,0,0,0,30,4,1,5,92,0.0,1024,5,0,1,10,116,['Partly cloudy'],['https://assets.weatherstack.com/images/wsymbols01_png_64/wsymbol_0004_black_low_cloud.png'],219,SW,18,1,30,Leeming,2020-01-06
1,0,0,0,0,0,0,0,0,0,0,51,3,1,5,90,0.0,1023,5,100,1,10,116,['Partly cloudy'],['https://assets.weatherstack.com/images/wsymbols01_png_64/wsymbol_0004_black_low_cloud.png'],219,SW,19,1,32,Leeming,2020-01-06
2,0,0,0,0,0,0,0,0,0,0,72,3,0,5,88,0.0,1022,5,200,1,10,122,['Overcast'],['https://assets.weatherstack.com/images/wsymbols01_png_64/wsymbol_0004_black_low_cloud.png'],218,SW,21,0,34,Leeming,2020-01-06
3,0,0,0,0,0,0,0,0,0,0,94,3,0,5,87,0.0,1021,5,300,1,10,122,['Overcast'],['https://assets.weatherstack.com/images/wsymbols01_png_64/wsymbol_0004_black_low_cloud.png'],217,SW,23,0,36,Leeming,2020-01-06
4,0,0,0,0,0,0,0,0,0,0,88,3,0,5,85,0.0,1020,5,400,1,10,122,['Overcast'],['https://assets.weatherstack.com/images/wsymbols01_png_64/wsymbol_0004_black_low_cloud.png'],215,SW,24,0,38,Leeming,2020-01-06
5,0,0,0,0,0,0,0,0,0,0,83,3,1,5,83,0.0,1019,5,500,1,10,119,['Cloudy'],['https://assets.weatherstack.com/images/wsymbols01_png_64/wsymbol_0004_black_low_cloud.png'],212,SSW,26,1,39,Leeming,2020-01-06
6,0,0,0,0,0,0,0,0,0,0,77,3,1,5,82,0.0,1019,5,600,1,10,119,['Cloudy'],['https://assets.weatherstack.com/images/wsymbols01_png_64/wsymbol_0004_black_low_cloud.png'],210,SSW,27,1,40,Leeming,2020-01-06
7,0,0,0,0,0,0,0,0,0,0,80,3,1,6,82,0.0,1017,6,700,1,10,119,['Cloudy'],['https://assets.weatherstack.com/images/wsymbols01_png_64/wsymbol_0004_black_low_cloud.png'],208,SSW,27,1,40,Leeming,2020-01-06
8,0,0,0,0,0,0,0,0,0,0,83,3,1,6,82,0.0,1016,6,800,1,10,119,['Cloudy'],['https://assets.weatherstack.com/images/wsymbols01_png_64/wsymbol_0004_black_low_cloud.png'],205,SSW,27,1,39,Leeming,2020-01-06
9,0,0,0,0,0,0,0,0,0,0,86,3,2,6,82,0.0,1015,6,900,1,10,119,['Cloudy'],['https://assets.weatherstack.com/images/wsymbols01_png_64/wsymbol_0003_white_cloud.png'],203,SSW,27,2,39,Leeming,2020-01-06
10,0,0,0,0,0,0,0,0,0,0,87,3,2,6,81,0.0,1014,6,1000,1,10,119,['Cloudy'],['https://assets.weatherstack.com/images/wsymbols01_png_64/wsymbol_0003_white_cloud.png'],204,SSW,28,2,40,Leeming,2020-01-06
11,0,0,0,0,0,0,0,0,0,0,88,3,2,6,79,0.0,1013,6,1100,1,10,122,['Overcast'],['https://assets.weatherstack.com/images/wsymbols01_png_64/wsymbol_0004_black_low_cloud.png'],205,SSW,30,2,42,Leeming,2020-01-06
12,0,0,0,0,0,0,0,0,0,0,90,3,2,6,78,0.0,1012,6,1200,1,10,122,['Overcast'],['https://assets.weatherstack.com/images/wsymbols01_png_64/wsymbol_0004_black_low_cloud.png'],205,SSW,32,2,44,Leeming,2020-01-06
13,0,0,0,0,0,0,0,0,0,0,91,4,2,7,80,0.0,1011,7,1300,1,7,122,['Overcast'],['https://assets.weatherstack.com/images/wsymbols01_png_64/wsymbol_0004_black_low_cloud.png'],209,SSW,33,2,47,Leeming,2020-01-06
14,0,0,0,0,0,0,0,0,0,0,92,5,3,7,83,0.1,1010,7,1400,1,5,266,['Light drizzle'],['https://assets.weatherstack.com/images/wsymbols01_png_64/wsymbol_0017_cloudy_with_light_rain.png'],212,SSW,35,3,50,Leeming,2020-01-06
15,0,0,0,0,0,0,0,0,0,0,94,6,3,8,85,0.2,1009,8,1500,1,2,266,['Light drizzle'],['https://assets.weatherstack.com/images/wsymbols01_png_64/wsymbol_0017_cloudy_with_light_rain.png'],215,SW,36,3,53,Leeming,2020-01-06
16,0,0,0,0,0,0,0,0,0,0,87,5,3,7,85,0.1,1010,7,1600,1,5,266,['Light drizzle'],['https://assets.weatherstack.com/images/wsymbols01_png_64/wsymbol_0017_cloudy_with_light_rain.png'],232,SW,33,3,50,Leeming,2020-01-06
17,0,0,0,0,0,0,0,0,0,0,80,5,3,7,85,0.0,1012,7,1700,1,7,119,['Cloudy'],['https://assets.weatherstack.com/images/wsymbols01_png_64/wsymbol_0004_black_low_cloud.png'],249,WSW,31,3,47,Leeming,2020-01-06
18,0,0,0,0,0,0,0,0,0,0,73,4,2,7,85,0.0,1013,7,1800,1,10,119,['Cloudy'],['https://assets.weatherstack.com/images/wsymbols01_png_64/wsymbol_0004_black_low_cloud.png'],266,W,28,2,45,Leeming,2020-01-06
19,0,0,0,0,0,0,0,0,0,0,73,4,2,6,86,0.0,1014,6,1900,1,10,119,['Cloudy'],['https://assets.weatherstack.com/images/wsymbols01_png_64/wsymbol_0004_black_low_cloud.png'],264,W,27,2,43,Leeming,2020-01-06
20,0,0,0,0,0,0,0,0,0,0,74,4,2,6,87,0.0,1015,6,2000,1,10,176,['Patchy rain possible'],['https://assets.weatherstack.com/images/wsymbols01_png_64/wsymbol_0025_light_rain_showers_night.png'],262,W,26,2,42,Leeming,2020-01-06
21,0,0,0,0,0,0,0,0,0,0,74,4,1,6,88,0.0,1016,6,2100,1,10,176,['Patchy rain possible'],['https://assets.weatherstack.com/images/wsymbols01_png_64/wsymbol_0025_light_rain_showers_night.png'],259,W,24,1,40,Leeming,2020-01-06
22,0,0,0,0,0,0,0,0,0,0,73,4,1,5,88,0.0,1017,5,2200,1,10,176,['Patchy rain possible'],['https://assets.weatherstack.com/images/wsymbols01_png_64/wsymbol_0025_light_rain_showers_night.png'],258,WSW,25,1,42,Leeming,2020-01-06
23,0,0,0,0,0,0,0,0,0,0,72,3,1,5,87,0.0,1018,5,2300,1,10,176,['Patchy rain possible'],['https://assets.weatherstack.com/images/wsymbols01_png_64/wsymbol_0025_light_rain_showers_night.png'],256,WSW,26,1,44,Leeming,2020-01-06
0,0,0,0,0,0,0,0,0,0,0,71,3,0,5,86,0.1,1019,5,0,1,10,176,['Patchy rain possible'],['https://assets.weatherstack.com/images/wsymbols01_png_64/wsymbol_0025_light_rain_showers_night.png'],254,WSW,27,0,46,Leeming,2020-01-07
1,0,0,0,0,0,0,0,0,0,0,50,3,0,5,85,0.0,1019,5,100,1,10,176,['Patchy rain possible'],['https://assets.weatherstack.com/images/wsymbols01_png_64/wsymbol_0025_light_rain_showers_night.png'],250,WSW,26,0,44,Leeming,2020-01-07
2,0,0,0,0,0,0,0,0,0,0,29,3,0,5,85,0.0,1019,5,200,1,10,116,['Partly cloudy'],['https://assets.weatherstack.com/images/wsymbols01_png_64/wsymbol_0004_black_low_cloud.png'],246,WSW,24,0,41,Leeming,2020-01-07
3,0,0,0,0,0,0,0,0,0,0,9,2,1,5,84,0.0,1019,5,300,1,10,116,['Partly cloudy'],['https://assets.weatherstack.com/images/wsymbols01_png_64/wsymbol_0004_black_low_cloud.png'],242,WSW,23,1,39,Leeming,2020-01-07
4,0,0,0,0,0,0,0,0,0,0,39,3,1,5,85,0.0,1019,5,400,1,10,116,['Partly cloudy'],['https://assets.weatherstack.com/images/wsymbols01_png_64/wsymbol_0004_black_low_cloud.png'],237,WSW,22,1,38,Leeming,2020-01-07
5,0,0,0,0,0,0,0,0,0,0,70,3,1,5,85,0.0,1019,5,500,1,10,122,['Overcast'],['https://assets.weatherstack.com/images/wsymbols01_png_64/wsymbol_0004_black_low_cloud.png'],233,SW,22,1,38,Leeming,2020-01-07
6,0,0,0,0,0,0,0,0,0,0,100,3,1,5,86,0.0,1019,5,600,1,10,122,['Overcast'],['https://assets.weatherstack.com/images/wsymbols01_png_64/wsymbol_0004_black_low_cloud.png'],228,SW,22,1,37,Leeming,2020-01-07
7,0,0,0,0,0,0,0,0,0,0,99,3,2,6,84,0.0,1018,6,700,1,10,122,['Overcast'],['https://assets.weatherstack.com/images/wsymbols01_png_64/wsymbol_0004_black_low_cloud.png'],222,SW,22,2,36,Leeming,2020-01-07
8,0,0,0,0,0,0,0,0,0,0,98,3,2,6,82,0.0,1017,6,800,1,10,122,['Overcast'],['https://assets.weatherstack.com/images/wsymbols01_png_64/wsymbol_0004_black_low_cloud.png'],217,SW,21,2,35,Leeming,2020-01-07
9,0,0,0,0,0,0,0,0,0,0,97,3,3,6,81,0.0,1016,6,900,1,10,122,['Overcast'],['https://assets.weatherstack.com/images/wsymbols01_png_64/wsymbol_0004_black_low_cloud.png'],211,SSW,21,3,34,Leeming,2020-01-07
10,0,0,0,0,0,0,0,0,0,0,93,4,3,7,82,0.0,1016,7,1000,1,10,122,['Overcast'],['https://assets.weatherstack.com/images/wsymbols01_png_64/wsymbol_0004_black_low_cloud.png'],214,SW,24,3,38,Leeming,2020-01-07
11,0,0,0,0,0,0,0,0,0,0,90,5,4,7,83,0.0,1015,7,1100,1,10,119,['Cloudy'],['https://assets.weatherstack.com/images/wsymbols01_png_64/wsymbol_0003_white_cloud.png'],218,SW,26,4,42,Leeming,2020-01-07
12,0,0,0,0,0,0,0,0,0,0,86,6,4,8,84,0.0,1015,8,1200,1,10,119,['Cloudy'],['https://assets.weatherstack.com/images/wsymbols01_png_64/wsymbol_0003_white_cloud.png'],221,SW,28,4,45,Leeming,2020-01-07
13,0,0,0,0,0,0,0,0,0,0,89,7,5,9,86,0.0,1014,9,1300,1,10,119,['Cloudy'],['https://assets.weatherstack.com/images/wsymbols01_png_64/wsymbol_0003_white_cloud.png'],219,SW,29,5,47,Leeming,2020-01-07
14,0,0,0,0,0,0,0,0,0,0,91,8,7,10,87,0.0,1012,10,1400,1,10,122,['Overcast'],['https://assets.weatherstack.com/images/wsymbols01_png_64/wsymbol_0004_black_low_cloud.png'],218,SW,30,7,49,Leeming,2020-01-07
15,0,0,0,0,0,0,0,0,0,0,94,9,8,11,89,0.0,1011,11,1500,1,10,122,['Overcast'],['https://assets.weatherstack.com/images/wsymbols01_png_64/wsymbol_0004_black_low_cloud.png'],216,SW,31,8,51,Leeming,2020-01-07
16,0,0,0,0,0,0,0,0,0,0,96,10,8,11,88,0.0,1010,10,1600,1,7,122,['Overcast'],['https://assets.weatherstack.com/images/wsymbols01_png_64/wsymbol_0004_black_low_cloud.png'],221,SW,33,8,54,Leeming,2020-01-07
17,0,0,0,0,0,0,0,0,0,0,98,10,8,12,88,0.1,1010,10,1700,1,5,266,['Light drizzle'],['https://assets.weatherstack.com/images/wsymbols01_png_64/wsymbol_0033_cloudy_with_light_rain_night.png'],226,SW,36,8,57,Leeming,2020-01-07
18,0,0,0,0,0,0,0,0,0,0,100,11,9,12,88,0.1,1009,9,1800,1,2,266,['Light drizzle'],['https://assets.weatherstack.com/images/wsymbols01_png_64/wsymbol_0033_cloudy_with_light_rain_night.png'],231,SW,38,9,60,Leeming,2020-01-07
19,0,0,0,0,0,0,0,0,0,0,99,10,8,11,88,0.0,1009,8,1900,1,5,266,['Light drizzle'],['https://assets.weatherstack.com/images/wsymbols01_png_64/wsymbol_0033_cloudy_with_light_rain_night.png'],232,SW,40,8,61,Leeming,2020-01-07
20,0,0,0,0,0,0,0,0,0,0,98,10,6,10,87,0.0,1009,6,2000,1,7,122,['Overcast'],['https://assets.weatherstack.com/images/wsymbols01_png_64/wsymbol_0004_black_low_cloud.png'],234,SW,42,6,63,Leeming,2020-01-07
21,0,0,0,0,0,0,0,0,0,0,98,10,5,9,86,0.0,1009,5,2100,1,10,122,['Overcast'],['https://assets.weatherstack.com/images/wsymbols01_png_64/wsymbol_0004_black_low_cloud.png'],236,SW,44,5,65,Leeming,2020-01-07
22,0,0,0,0,0,0,0,0,0,0,93,10,6,10,86,0.0,1009,7,2200,1,7,122,['Overcast'],['https://assets.weatherstack.com/images/wsymbols01_png_64/wsymbol_0004_black_low_cloud.png'],241,WSW,44,6,64,Leeming,2020-01-07
23,0,0,0,0,0,0,0,0,0,0,89,9,7,10,86,0.1,1010,9,2300,1,5,266,['Light drizzle'],['https://assets.weatherstack.com/images/wsymbols01_png_64/wsymbol_0033_cloudy_with_light_rain_night.png'],246,WSW,44,7,64,Leeming,2020-01-07
0,0,0,0,0,0,0,0,0,0,0,55,4,4,5,88,0,1036,5,0,0,10,116,['Partly cloudy'],['https://assets.weatherstack.com/images/wsymbols01_png_64/wsymbol_0004_black_low_cloud.png'],242,WSW,8,4,13,London,2020-01-05
1,0,0,0,0,0,0,0,0,0,0,67,4,4,6,88,0,1035,6,100,0,10,116,['Partly cloudy'],['https://assets.weatherstack.com/images/wsymbols01_png_64/wsymbol_0004_black_low_cloud.png'],235,SW,8,4,13,London,2020-01-05
2,0,0,0,0,0,0,0,0,0,0,79,4,4,6,88,0,1035,6,200,0,10,122,['Overcast'],['https://assets.weatherstack.com/images/wsymbols01_png_64/wsymbol_0004_black_low_cloud.png'],228,SW,8,4,13,London,2020-01-05
3,0,0,0,0,0,0,0,0,0,0,92,4,5,6,89,0,1035,6,300,0,10,122,['Overcast'],['https://assets.weatherstack.com/images/wsymbols01_png_64/wsymbol_0004_black_low_cloud.png'],221,SW,8,5,13,London,2020-01-05
4,0,0,0,0,0,0,0,0,0,0,83,4,4,6,87,0,1035,6,400,0,10,122,['Overcast'],['https://assets.weatherstack.com/images/wsymbols01_png_64/wsymbol_0004_black_low_cloud.png'],226,SW,9,4,14,London,2020-01-05
5,0,0,0,0,0,0,0,0,0,0,75,4,4,6,85,0,1035,6,500,0,10,119,['Cloudy'],['https://assets.weatherstack.com/images/wsymbols01_png_64/wsymbol_0004_black_low_cloud.png'],231,SW,10,4,15,London,2020-01-05
6,0,0,0,0,0,0,0,0,0,0,67,4,4,6,84,0,1035,6,600,0,10,119,['Cloudy'],['https://assets.weatherstack.com/images/wsymbols01_png_64/wsymbol_0004_black_low_cloud.png'],236,SW,11,4,16,London,2020-01-05
7,0,0,0,0,0,0,0,0,0,0,71,4,4,6,82,0,1034,6,700,0,10,119,['Cloudy'],['https://assets.weatherstack.com/images/wsymbols01_png_64/wsymbol_0004_black_low_cloud.png'],235,SW,10,4,15,London,2020-01-05
8,0,0,0,0,0,0,0,0,0,0,76,4,4,7,81,0,1034,7,800,0,10,119,['Cloudy'],['https://assets.weatherstack.com/images/wsymbols01_png_64/wsymbol_0004_black_low_cloud.png'],233,SW,10,4,15,London,2020-01-05
9,0,0,0,0,0,0,0,0,0,0,81,3,5,7,80,0,1033,7,900,2,10,119,['Cloudy'],['https://assets.weatherstack.com/images/wsymbols01_png_64/wsymbol_0003_white_cloud.png'],232,SW,10,5,14,London,2020-01-05
10,0,0,0,0,0,0,0,0,0,0,78,3,5,7,76,0,1034,7,1000,2,10,119,['Cloudy'],['https://assets.weatherstack.com/images/wsymbols01_png_64/wsymbol_0003_white_cloud.png'],233,SW,10,5,15,London,2020-01-05
11,0,0,0,0,0,0,0,0,0,0,75,3,6,8,73,0,1034,8,1100,2,10,119,['Cloudy'],['https://assets.weatherstack.com/images/wsymbols01_png_64/wsymbol_0003_white_cloud.png'],234,SW,11,6,16,London,2020-01-05
12,0,0,0,0,0,0,0,0,0,0,72,3,6,8,69,0,1034,8,1200,2,10,119,['Cloudy'],['https://assets.weatherstack.com/images/wsymbols01_png_64/wsymbol_0003_white_cloud.png'],235,SW,12,6,17,London,2020-01-05
13,0,0,0,0,0,0,0,0,0,0,78,3,6,8,69,0,1033,8,1300,2,10,119,['Cloudy'],['https://assets.weatherstack.com/images/wsymbols01_png_64/wsymbol_0003_white_cloud.png'],238,WSW,12,6,17,London,2020-01-05
14,0,0,0,0,0,0,0,0,0,0,85,3,6,8,69,0,1033,8,1400,2,10,122,['Overcast'],['https://assets.weatherstack.com/images/wsymbols01_png_64/wsymbol_0004_black_low_cloud.png'],241,WSW,13,6,18,London,2020-01-05
15,0,0,0,0,0,0,0,0,0,0,91,3,6,9,68,0,1032,9,1500,2,10,122,['Overcast'],['https://assets.weatherstack.com/images/wsymbols01_png_64/wsymbol_0004_black_low_cloud.png'],245,WSW,13,6,18,London,2020-01-05
16,0,0,0,0,0,0,0,0,0,0,86,3,6,8,70,0,1032,8,1600,2,10,122,['Overcast'],['https://assets.weatherstack.com/images/wsymbols01_png_64/wsymbol_0004_black_low_cloud.png'],240,WSW,12,6,18,London,2020-01-05
17,0,0,0,0,0,0,0,0,0,0,81,3,6,8,72,0,1032,8,1700,0,10,119,['Cloudy'],['https://assets.weatherstack.com/images/wsymbols01_png_64/wsymbol_0004_black_low_cloud.png'],235,SW,12,6,17,London,2020-01-05
18,0,0,0,0,0,0,0,0,0,0,75,4,6,8,73,0,1032,8,1800,0,10,119,['Cloudy'],['https://assets.weatherstack.com/images/wsymbols01_png_64/wsymbol_0004_black_low_cloud.png'],230,SW,11,6,16,London,2020-01-05
19,0,0,0,0,0,0,0,0,0,0,83,4,6,8,74,0,1032,8,1900,0,10,119,['Cloudy'],['https://assets.weatherstack.com/images/wsymbols01_png_64/wsymbol_0004_black_low_cloud.png'],229,SW,11,6,16,London,2020-01-05
20,0,0,0,0,0,0,0,0,0,0,90,4,6,8,74,0,1031,8,2000,0,10,122,['Overcast'],['https://assets.weatherstack.com/images/wsymbols01_png_64/wsymbol_0004_black_low_cloud.png'],227,SW,11,6,16,London,2020-01-05
21,0,0,0,0,0,0,0,0,0,0,97,4,6,8,75,0,1030,8,2100,0,10,122,['Overcast'],['https://assets.weatherstack.com/images/wsymbols01_png_64/wsymbol_0004_black_low_cloud.png'],225,SW,11,6,16,London,2020-01-05
22,0,0,0,0,0,0,0,0,0,0,89,4,6,8,77,0,1030,8,2200,0,10,122,['Overcast'],['https://assets.weatherstack.com/images/wsymbols01_png_64/wsymbol_0004_black_low_cloud.png'],217,SW,11,6,15,London,2020-01-05
23,0,0,0,0,0,0,0,0,0,0,81,4,6,8,78,0,1030,8,2300,0,10,119,['Cloudy'],['https://assets.weatherstack.com/images/wsymbols01_png_64/wsymbol_0004_black_low_cloud.png'],210,SSW,10,6,15,London,2020-01-05
0,0,0,0,0,0,0,0,0,0,0,74,4,6,8,80,0.0,1030,8,0,1,10,119,['Cloudy'],['https://assets.weatherstack.com/images/wsymbols01_png_64/wsymbol_0004_black_low_cloud.png'],202,SSW,10,6,15,London,2020-01-06
1,0,0,0,0,0,0,0,0,0,0,71,4,5,7,82,0.0,1029,7,100,1,10,119,['Cloudy'],['https://assets.weatherstack.com/images/wsymbols01_png_64/wsymbol_0004_black_low_cloud.png'],203,SSW,11,5,17,London,2020-01-06
2,0,0,0,0,0,0,0,0,0,0,69,4,4,7,84,0.0,1028,7,200,1,10,119,['Cloudy'],['https://assets.weatherstack.com/images/wsymbols01_png_64/wsymbol_0004_black_low_cloud.png'],205,SSW,12,4,19,London,2020-01-06
3,0,0,0,0,0,0,0,0,0,0,66,4,4,6,86,0.0,1027,6,300,1,10,119,['Cloudy'],['https://assets.weatherstack.com/images/wsymbols01_png_64/wsymbol_0004_black_low_cloud.png'],206,SSW,13,4,21,London,2020-01-06
4,0,0,0,0,0,0,0,0,0,0,67,4,4,7,83,0.0,1026,7,400,1,10,119,['Cloudy'],['https://assets.weatherstack.com/images/wsymbols01_png_64/wsymbol_0004_black_low_cloud.png'],204,SSW,15,4,22,London,2020-01-06
5,0,0,0,0,0,0,0,0,0,0,68,4,4,7,80,0.0,1026,7,500,1,10,119,['Cloudy'],['https://assets.weatherstack.com/images/wsymbols01_png_64/wsymbol_0004_black_low_cloud.png'],203,SSW,16,4,24,London,2020-01-06
6,0,0,0,0,0,0,0,0,0,0,70,4,4,7,78,0.0,1025,7,600,1,10,119,['Cloudy'],['https://assets.weatherstack.com/images/wsymbols01_png_64/wsymbol_0004_black_low_cloud.png'],201,SSW,17,4,25,London,2020-01-06
7,0,0,0,0,0,0,0,0,0,0,70,4,4,7,78,0.0,1024,7,700,1,10,119,['Cloudy'],['https://assets.weatherstack.com/images/wsymbols01_png_64/wsymbol_0004_black_low_cloud.png'],201,SSW,17,4,26,London,2020-01-06
8,0,0,0,0,0,0,0,0,0,0,70,3,4,7,78,0.0,1023,7,800,1,10,119,['Cloudy'],['https://assets.weatherstack.com/images/wsymbols01_png_64/wsymbol_0004_black_low_cloud.png'],201,SSW,18,4,26,London,2020-01-06
9,0,0,0,0,0,0,0,0,0,0,70,3,3,7,78,0.0,1022,7,900,1,10,119,['Cloudy'],['https://assets.weatherstack.com/images/wsymbols01_png_64/wsymbol_0003_white_cloud.png'],201,SSW,18,3,26,London,2020-01-06
10,0,0,0,0,0,0,0,0,0,0,54,3,4,7,76,0.0,1021,7,1000,1,10,119,['Cloudy'],['https://assets.weatherstack.com/images/wsymbols01_png_64/wsymbol_0003_white_cloud.png'],201,SSW,19,4,27,London,2020-01-06
11,0,0,0,0,0,0,0,0,0,0,38,3,4,7,74,0.0,1021,7,1100,1,10,116,['Partly cloudy'],['https://assets.weatherstack.com/images/wsymbols01_png_64/wsymbol_0002_sunny_intervals.png'],201,SSW,20,4,27,London,2020-01-06
12,0,0,0,0,0,0,0,0,0,0,22,3,5,8,71,0.0,1020,8,1200,1,10,116,['Partly cloudy'],['https://assets.weatherstack.com/images/wsymbols01_png_64/wsymbol_0002_sunny_intervals.png'],202,SSW,21,5,28,London,2020-01-06
13,0,0,0,0,0,0,0,0,0,0,48,3,5,8,72,0.0,1019,8,1300,1,10,116,['Partly cloudy'],['https://assets.weatherstack.com/images/wsymbols01_png_64/wsymbol_0002_sunny_intervals.png'],204,SSW,21,5,28,London,2020-01-06
14,0,0,0,0,0,0,0,0,0,0,74,4,5,8,73,0.0,1018,8,1400,1,10,122,['Overcast'],['https://assets.weatherstack.com/images/wsymbols01_png_64/wsymbol_0004_black_low_cloud.png'],206,SSW,21,5,29,London,2020-01-06
15,0,0,0,0,0,0,0,0,0,0,100,4,5,8,74,0.0,1016,8,1500,1,10,122,['Overcast'],['https://assets.weatherstack.com/images/wsymbols01_png_64/wsymbol_0004_black_low_cloud.png'],209,SSW,20,5,29,London,2020-01-06
16,0,0,0,0,0,0,0,0,0,0,99,5,5,9,78,0.0,1017,8,1600,1,10,122,['Overcast'],['https://assets.weatherstack.com/images/wsymbols01_png_64/wsymbol_0004_black_low_cloud.png'],216,SW,20,5,29,London,2020-01-06
17,0,0,0,0,0,0,0,0,0,0,99,6,6,10,83,0.3,1017,7,1700,1,9,296,['Light rain'],['https://assets.weatherstack.com/images/wsymbols01_png_64/wsymbol_0033_cloudy_with_light_rain_night.png'],223,SW,19,6,30,London,2020-01-06
18,0,0,0,0,0,0,0,0,0,0,98,7,6,10,88,0.4,1018,6,1800,1,9,296,['Light rain'],['https://assets.weatherstack.com/images/wsymbols01_png_64/wsymbol_0033_cloudy_with_light_rain_night.png'],231,SW,19,6,30,London,2020-01-06
19,0,0,0,0,0,0,0,0,0,0,69,7,4,8,88,0.2,1018,4,1900,1,9,296,['Light rain'],['https://assets.weatherstack.com/images/wsymbols01_png_64/wsymbol_0033_cloudy_with_light_rain_night.png'],240,WSW,18,4,28,London,2020-01-06
20,0,0,0,0,0,0,0,0,0,0,41,7,2,5,88,0.0,1019,2,2000,1,10,116,['Partly cloudy'],['https://assets.weatherstack.com/images/wsymbols01_png_64/wsymbol_0004_black_low_cloud.png'],250,WSW,16,2,25,London,2020-01-06
21,0,0,0,0,0,0,0,0,0,0,12,7,0,2,89,0.0,1020,0,2100,1,10,116,['Partly cloudy'],['https://assets.weatherstack.com/images/wsymbols01_png_64/wsymbol_0004_black_low_cloud.png'],259,W,15,0,23,London,2020-01-06
22,0,0,0,0,0,0,0,0,0,0,17,6,2,4,89,0.0,1021,3,2200,1,10,116,['Partly cloudy'],['https://assets.weatherstack.com/images/wsymbols01_png_64/wsymbol_0004_black_low_cloud.png'],256,WSW,14,2,21,London,2020-01-06
23,0,0,0,0,0,0,0,0,0,0,22,6,4,6,90,0.0,1022,5,2300,1,10,116,['Partly cloudy'],['https://assets.weatherstack.com/images/wsymbols01_png_64/wsymbol_0004_black_low_cloud.png'],253,WSW,12,4,18,London,2020-01-06
0,0,0,0,0,0,0,0,0,0,0,27,6,5,7,91,0,1023,7,0,1,10,116,['Partly cloudy'],['https://assets.weatherstack.com/images/wsymbols01_png_64/wsymbol_0004_black_low_cloud.png'],250,WSW,11,5,16,London,2020-01-07
1,0,0,0,0,0,0,0,0,0,0,37,6,5,7,92,0,1023,7,100,1,7,116,['Partly cloudy'],['https://assets.weatherstack.com/images/wsymbols01_png_64/wsymbol_0004_black_low_cloud.png'],241,WSW,10,5,15,London,2020-01-07
2,0,0,0,0,0,0,0,0,0,0,47,6,5,7,93,0,1023,7,200,1,5,143,['Mist'],['https://assets.weatherstack.com/images/wsymbols01_png_64/wsymbol_0006_mist.png'],231,SW,9,5,15,London,2020-01-07
3,0,0,0,0,0,0,0,0,0,0,57,5,4,6,94,0,1024,6,300,1,2,143,['Mist'],['https://assets.weatherstack.com/images/wsymbols01_png_64/wsymbol_0006_mist.png'],222,SW,9,4,14,London,2020-01-07
4,0,0,0,0,0,0,0,0,0,0,45,5,4,6,93,0,1024,6,400,1,5,143,['Mist'],['https://assets.weatherstack.com/images/wsymbols01_png_64/wsymbol_0006_mist.png'],217,SW,9,4,14,London,2020-01-07
5,0,0,0,0,0,0,0,0,0,0,33,5,4,6,92,0,1025,6,500,1,7,116,['Partly cloudy'],['https://assets.weatherstack.com/images/wsymbols01_png_64/wsymbol_0004_black_low_cloud.png'],212,SSW,9,4,15,London,2020-01-07
6,0,0,0,0,0,0,0,0,0,0,21,5,4,6,92,0,1025,6,600,1,10,116,['Partly cloudy'],['https://assets.weatherstack.com/images/wsymbols01_png_64/wsymbol_0004_black_low_cloud.png'],208,SSW,9,4,15,London,2020-01-07
7,0,0,0,0,0,0,0,0,0,0,42,5,4,6,90,0,1025,6,700,1,10,116,['Partly cloudy'],['https://assets.weatherstack.com/images/wsymbols01_png_64/wsymbol_0004_black_low_cloud.png'],205,SSW,10,4,17,London,2020-01-07
8,0,0,0,0,0,0,0,0,0,0,64,4,4,6,88,0,1024,6,800,1,10,119,['Cloudy'],['https://assets.weatherstack.com/images/wsymbols01_png_64/wsymbol_0004_black_low_cloud.png'],202,SSW,11,4,19,London,2020-01-07
9,0,0,0,0,0,0,0,0,0,0,85,4,4,6,86,0,1024,6,900,1,10,119,['Cloudy'],['https://assets.weatherstack.com/images/wsymbols01_png_64/wsymbol_0003_white_cloud.png'],199,SSW,12,4,21,London,2020-01-07
10,0,0,0,0,0,0,0,0,0,0,72,5,5,7,83,0,1023,7,1000,1,10,119,['Cloudy'],['https://assets.weatherstack.com/images/wsymbols01_png_64/wsymbol_0003_white_cloud.png'],203,SSW,15,5,24,London,2020-01-07
11,0,0,0,0,0,0,0,0,0,0,59,5,6,9,79,0,1023,9,1100,1,10,116,['Partly cloudy'],['https://assets.weatherstack.com/images/wsymbols01_png_64/wsymbol_0002_sunny_intervals.png'],206,SSW,17,6,27,London,2020-01-07
12,0,0,0,0,0,0,0,0,0,0,47,6,7,10,75,0,1023,10,1200,1,10,116,['Partly cloudy'],['https://assets.weatherstack.com/images/wsymbols01_png_64/wsymbol_0002_sunny_intervals.png'],210,SSW,20,7,31,London,2020-01-07
13,0,0,0,0,0,0,0,0,0,0,64,7,8,10,79,0,1022,10,1300,1,10,116,['Partly cloudy'],['https://assets.weatherstack.com/images/wsymbols01_png_64/wsymbol_0002_sunny_intervals.png'],207,SSW,19,8,30,London,2020-01-07
14,0,0,0,0,0,0,0,0,0,0,82,7,8,10,83,0,1021,10,1400,1,10,122,['Overcast'],['https://assets.weatherstack.com/images/wsymbols01_png_64/wsymbol_0004_black_low_cloud.png'],205,SSW,18,8,29,London,2020-01-07
15,0,0,0,0,0,0,0,0,0,0,100,8,8,11,86,0,1020,11,1500,1,10,122,['Overcast'],['https://assets.weatherstack.com/images/wsymbols01_png_64/wsymbol_0004_black_low_cloud.png'],202,SSW,18,8,28,London,2020-01-07
16,0,0,0,0,0,0,0,0,0,0,100,9,8,10,89,0,1020,9,1600,1,10,122,['Overcast'],['https://assets.weatherstack.com/images/wsymbols01_png_64/wsymbol_0004_black_low_cloud.png'],203,SSW,18,8,30,London,2020-01-07
17,0,0,0,0,0,0,0,0,0,0,100,10,7,10,92,0,1019,8,1700,1,10,122,['Overcast'],['https://assets.weatherstack.com/images/wsymbols01_png_64/wsymbol_0004_black_low_cloud.png'],204,SSW,19,7,32,London,2020-01-07
18,0,0,0,0,0,0,0,0,0,0,100,11,7,10,95,0,1019,7,1800,1,10,122,['Overcast'],['https://assets.weatherstack.com/images/wsymbols01_png_64/wsymbol_0004_black_low_cloud.png'],205,SSW,20,7,34,London,2020-01-07
19,0,0,0,0,0,0,0,0,0,0,100,11,5,8,94,0,1019,5,1900,1,10,122,['Overcast'],['https://assets.weatherstack.com/images/wsymbols01_png_64/wsymbol_0004_black_low_cloud.png'],211,SSW,21,5,35,London,2020-01-07
20,0,0,0,0,0,0,0,0,0,0,100,11,3,6,94,0,1018,3,2000,1,10,122,['Overcast'],['https://assets.weatherstack.com/images/wsymbols01_png_64/wsymbol_0004_black_low_cloud.png'],217,SW,21,3,35,London,2020-01-07
21,0,0,0,0,0,0,0,0,0,0,100,12,1,5,93,0,1018,1,2100,1,10,122,['Overcast'],['https://assets.weatherstack.com/images/wsymbols01_png_64/wsymbol_0004_black_low_cloud.png'],223,SW,22,1,36,London,2020-01-07
22,0,0,0,0,0,0,0,0,0,0,100,12,4,7,93,0,1018,5,2200,1,10,122,['Overcast'],['https://assets.weatherstack.com/images/wsymbols01_png_64/wsymbol_0004_black_low_cloud.png'],224,SW,22,4,36,London,2020-01-07
23,0,0,0,0,0,0,0,0,0,0,100,11,7,10,93,0,1018,9,2300,1,10,122,['Overcast'],['https://assets.weatherstack.com/images/wsymbols01_png_64/wsymbol_0004_black_low_cloud.png'],224,SW,22,7,36,London,2020-01-07
0,0,0,0,0,0,0,0,0,0,0,91,5,3,6,91,0.1,1028,6,0,1,10,353,['Light rain shower'],['https://assets.weatherstack.com/images/wsymbols01_png_64/wsymbol_0025_light_rain_showers_night.png'],211,SSW,18,3,33,Belfast,2020-01-05
1,0,0,0,0,0,0,0,0,0,0,88,5,3,6,90,0.1,1027,6,100,1,10,353,['Light rain shower'],['https://assets.weatherstack.com/images/wsymbols01_png_64/wsymbol_0025_light_rain_showers_night.png'],213,SSW,18,3,34,Belfast,2020-01-05
2,0,0,0,0,0,0,0,0,0,0,85,5,3,6,90,0.0,1027,6,200,1,10,119,['Cloudy'],['https://assets.weatherstack.com/images/wsymbols01_png_64/wsymbol_0004_black_low_cloud.png'],214,SW,18,3,35,Belfast,2020-01-05
3,0,0,0,0,0,0,0,0,0,0,83,5,3,6,90,0.0,1026,6,300,1,10,119,['Cloudy'],['https://assets.weatherstack.com/images/wsymbols01_png_64/wsymbol_0004_black_low_cloud.png'],216,SW,19,3,35,Belfast,2020-01-05
4,0,0,0,0,0,0,0,0,0,0,80,5,3,6,91,0.0,1026,6,400,1,10,119,['Cloudy'],['https://assets.weatherstack.com/images/wsymbols01_png_64/wsymbol_0004_black_low_cloud.png'],215,SW,18,3,35,Belfast,2020-01-05
5,0,0,0,0,0,0,0,0,0,0,78,5,3,6,92,0.0,1026,6,500,1,10,119,['Cloudy'],['https://assets.weatherstack.com/images/wsymbols01_png_64/wsymbol_0004_black_low_cloud.png'],214,SSW,18,3,34,Belfast,2020-01-05
6,0,0,0,0,0,0,0,0,0,0,76,5,3,6,93,0.0,1026,6,600,1,10,119,['Cloudy'],['https://assets.weatherstack.com/images/wsymbols01_png_64/wsymbol_0004_black_low_cloud.png'],213,SSW,18,3,33,Belfast,2020-01-05
7,0,0,0,0,0,0,0,0,0,0,82,5,3,7,91,0.0,1025,7,700,1,10,119,['Cloudy'],['https://assets.weatherstack.com/images/wsymbols01_png_64/wsymbol_0004_black_low_cloud.png'],214,SSW,19,3,33,Belfast,2020-01-05
8,0,0,0,0,0,0,0,0,0,0,89,5,4,7,90,0.0,1025,7,800,1,10,122,['Overcast'],['https://assets.weatherstack.com/images/wsymbols01_png_64/wsymbol_0004_black_low_cloud.png'],215,SW,20,4,33,Belfast,2020-01-05
9,0,0,0,0,0,0,0,0,0,0,96,6,4,8,88,0.0,1024,8,900,1,10,122,['Overcast'],['https://assets.weatherstack.com/images/wsymbols01_png_64/wsymbol_0004_black_low_cloud.png'],215,SW,21,4,33,Belfast,2020-01-05
10,0,0,0,0,0,0,0,0,0,0,84,6,5,8,87,0.0,1024,8,1000,1,10,122,['Overcast'],['https://assets.weatherstack.com/images/wsymbols01_png_64/wsymbol_0004_black_low_cloud.png'],216,SW,22,5,34,Belfast,2020-01-05
11,0,0,0,0,0,0,0,0,0,0,71,6,5,9,86,0.0,1024,9,1100,1,10,176,['Patchy rain possible'],['https://assets.weatherstack.com/images/wsymbols01_png_64/wsymbol_0009_light_rain_showers.png'],217,SW,23,5,34,Belfast,2020-01-05
12,0,0,0,0,0,0,0,0,0,0,59,7,6,9,86,0.0,1024,9,1200,1,10,176,['Patchy rain possible'],['https://assets.weatherstack.com/images/wsymbols01_png_64/wsymbol_0009_light_rain_showers.png'],219,SW,23,6,35,Belfast,2020-01-05
13,0,0,0,0,0,0,0,0,0,0,68,7,6,9,86,0.0,1024,9,1300,1,10,176,['Patchy rain possible'],['https://assets.weatherstack.com/images/wsymbols01_png_64/wsymbol_0009_light_rain_showers.png'],219,SW,23,6,34,Belfast,2020-01-05
14,0,0,0,0,0,0,0,0,0,0,77,8,7,10,87,0.0,1023,10,1400,1,10,119,['Cloudy'],['https://assets.weatherstack.com/images/wsymbols01_png_64/wsymbol_0003_white_cloud.png'],219,SW,22,7,33,Belfast,2020-01-05
15,0,0,0,0,0,0,0,0,0,0,86,8,8,10,87,0.0,1022,10,1500,1,10,119,['Cloudy'],['https://assets.weatherstack.com/images/wsymbols01_png_64/wsymbol_0003_white_cloud.png'],219,SW,21,8,32,Belfast,2020-01-05
16,0,0,0,0,0,0,0,0,0,0,88,8,7,10,88,0.0,1022,10,1600,1,10,119,['Cloudy'],['https://assets.weatherstack.com/images/wsymbols01_png_64/wsymbol_0003_white_cloud.png'],214,SW,21,7,32,Belfast,2020-01-05
17,0,0,0,0,0,0,0,0,0,0,90,8,7,10,89,0.0,1022,10,1700,1,10,122,['Overcast'],['https://assets.weatherstack.com/images/wsymbols01_png_64/wsymbol_0004_black_low_cloud.png'],209,SSW,20,7,32,Belfast,2020-01-05
18,0,0,0,0,0,0,0,0,0,0,92,8,7,9,90,0.0,1022,9,1800,1,10,122,['Overcast'],['https://assets.weatherstack.com/images/wsymbols01_png_64/wsymbol_0004_black_low_cloud.png'],203,SSW,19,7,32,Belfast,2020-01-05
19,0,0,0,0,0,0,0,0,0,0,83,7,6,9,89,0.0,1021,9,1900,1,10,122,['Overcast'],['https://assets.weatherstack.com/images/wsymbols01_png_64/wsymbol_0004_black_low_cloud.png'],202,SSW,20,6,35,Belfast,2020-01-05
20,0,0,0,0,0,0,0,0,0,0,74,7,5,8,88,0.0,1020,8,2000,1,10,119,['Cloudy'],['https://assets.weatherstack.com/images/wsymbols01_png_64/wsymbol_0004_black_low_cloud.png'],200,SSW,22,5,37,Belfast,2020-01-05
21,0,0,0,0,0,0,0,0,0,0,66,6,4,8,88,0.0,1019,8,2100,1,10,119,['Cloudy'],['https://assets.weatherstack.com/images/wsymbols01_png_64/wsymbol_0004_black_low_cloud.png'],199,SSW,23,4,40,Belfast,2020-01-05
22,0,0,0,0,0,0,0,0,0,0,76,6,4,8,86,0.0,1019,8,2200,1,10,119,['Cloudy'],['https://assets.weatherstack.com/images/wsymbols01_png_64/wsymbol_0004_black_low_cloud.png'],198,SSW,24,4,40,Belfast,2020-01-05
23,0,0,0,0,0,0,0,0,0,0,87,5,4,8,84,0.0,1018,8,2300,1,10,122,['Overcast'],['https://assets.weatherstack.com/images/wsymbols01_png_64/wsymbol_0004_black_low_cloud.png'],197,SSW,25,4,41,Belfast,2020-01-05
0,0,0,0,0,0,0,0,0,0,0,98,5,4,8,83,0.0,1017,8,0,1,10,122,['Overcast'],['https://assets.weatherstack.com/images/wsymbols01_png_64/wsymbol_0004_black_low_cloud.png'],196,SSW,26,4,41,Belfast,2020-01-06
1,0,0,0,0,0,0,0,0,0,0,93,5,4,8,82,0.0,1016,8,100,1,10,122,['Overcast'],['https://assets.weatherstack.com/images/wsymbols01_png_64/wsymbol_0004_black_low_cloud.png'],194,SSW,26,4,43,Belfast,2020-01-06
2,0,0,0,0,0,0,0,0,0,0,88,4,3,7,81,0.0,1014,7,200,1,10,119,['Cloudy'],['https://assets.weatherstack.com/images/wsymbols01_png_64/wsymbol_0004_black_low_cloud.png'],192,SSW,27,3,45,Belfast,2020-01-06
3,0,0,0,0,0,0,0,0,0,0,83,4,3,7,80,0.0,1013,7,300,1,10,119,['Cloudy'],['https://assets.weatherstack.com/images/wsymbols01_png_64/wsymbol_0004_black_low_cloud.png'],190,S,27,3,46,Belfast,2020-01-06
4,0,0,0,0,0,0,0,0,0,0,87,4,3,7,80,0.0,1012,7,400,1,10,119,['Cloudy'],['https://assets.weatherstack.com/images/wsymbols01_png_64/wsymbol_0004_black_low_cloud.png'],188,S,28,3,48,Belfast,2020-01-06
5,0,0,0,0,0,0,0,0,0,0,91,4,3,7,80,0.0,1010,7,500,1,10,122,['Overcast'],['https://assets.weatherstack.com/images/wsymbols01_png_64/wsymbol_0004_black_low_cloud.png'],187,S,30,3,49,Belfast,2020-01-06
6,0,0,0,0,0,0,0,0,0,0,96,4,3,8,80,0.0,1009,8,600,1,10,122,['Overcast'],['https://assets.weatherstack.com/images/wsymbols01_png_64/wsymbol_0004_black_low_cloud.png'],185,S,31,3,50,Belfast,2020-01-06
7,0,0,0,0,0,0,0,0,0,0,97,5,4,8,80,0.0,1008,8,700,1,10,122,['Overcast'],['https://assets.weatherstack.com/images/wsymbols01_png_64/wsymbol_0004_black_low_cloud.png'],185,S,32,4,50,Belfast,2020-01-06
8,0,0,0,0,0,0,0,0,0,0,99,5,4,8,81,0.0,1006,8,800,1,10,176,['Patchy rain possible'],['https://assets.weatherstack.com/images/wsymbols01_png_64/wsymbol_0025_light_rain_showers_night.png'],184,S,33,4,51,Belfast,2020-01-06
9,0,0,0,0,0,0,0,0,0,0,100,6,5,9,82,0.0,1004,9,900,1,10,176,['Patchy rain possible'],['https://assets.weatherstack.com/images/wsymbols01_png_64/wsymbol_0009_light_rain_showers.png'],183,S,35,5,52,Belfast,2020-01-06
10,0,0,0,0,0,0,0,0,0,0,100,6,5,9,83,0.0,1004,9,1000,1,9,176,['Patchy rain possible'],['https://assets.weatherstack.com/images/wsymbols01_png_64/wsymbol_0009_light_rain_showers.png'],206,SSW,31,5,46,Belfast,2020-01-06
11,0,0,0,0,0,0,0,0,0,0,100,7,6,9,85,1.5,1004,9,1100,1,8,302,['Moderate rain'],['https://assets.weatherstack.com/images/wsymbols01_png_64/wsymbol_0018_cloudy_with_heavy_rain.png'],229,SW,27,6,40,Belfast,2020-01-06
12,0,0,0,0,0,0,0,0,0,0,100,7,6,9,86,2.0,1004,9,1200,1,7,302,['Moderate rain'],['https://assets.weatherstack.com/images/wsymbols01_png_64/wsymbol_0018_cloudy_with_heavy_rain.png'],252,WSW,23,6,35,Belfast,2020-01-06
13,0,0,0,0,0,0,0,0,0,0,92,6,5,9,85,1.0,1005,9,1300,1,8,302,['Moderate rain'],['https://assets.weatherstack.com/images/wsymbols01_png_64/wsymbol_0018_cloudy_with_heavy_rain.png'],255,WSW,24,5,37,Belfast,2020-01-06
14,0,0,0,0,0,0,0,0,0,0,85,6,5,8,84,0.0,1006,8,1400,1,9,176,['Patchy rain possible'],['https://assets.weatherstack.com/images/wsymbols01_png_64/wsymbol_0009_light_rain_showers.png'],259,WSW,26,5,40,Belfast,2020-01-06
15,0,0,0,0,0,0,0,0,0,0,77,5,4,8,83,0.0,1007,8,1500,1,10,176,['Patchy rain possible'],['https://assets.weatherstack.com/images/wsymbols01_png_64/wsymbol_0009_light_rain_showers.png'],262,W,28,4,43,Belfast,2020-01-06
16,0,0,0,0,0,0,0,0,0,0,53,5,3,7,83,0.0,1009,7,1600,1,10,176,['Patchy rain possible'],['https://assets.weatherstack.com/images/wsymbols01_png_64/wsymbol_0009_light_rain_showers.png'],260,W,25,3,41,Belfast,2020-01-06
17,0,0,0,0,0,0,0,0,0,0,29,4,3,6,84,0.0,1011,6,1700,1,10,116,['Partly cloudy'],['https://assets.weatherstack.com/images/wsymbols01_png_64/wsymbol_0004_black_low_cloud.png'],258,WSW,23,3,40,Belfast,2020-01-06
18,0,0,0,0,0,0,0,0,0,0,6,3,2,6,85,0.0,1012,6,1800,1,10,116,['Partly cloudy'],['https://assets.weatherstack.com/images/wsymbols01_png_64/wsymbol_0004_black_low_cloud.png'],256,WSW,21,2,38,Belfast,2020-01-06
19,0,0,0,0,0,0,0,0,0,0,6,3,1,5,86,0.0,1013,5,1900,1,10,116,['Partly cloudy'],['https://assets.weatherstack.com/images/wsymbols01_png_64/wsymbol_0004_black_low_cloud.png'],250,WSW,20,1,37,Belfast,2020-01-06
20,0,0,0,0,0,0,0,0,0,0,6,3,1,5,87,0.0,1014,5,2000,1,10,116,['Partly cloudy'],['https://assets.weatherstack.com/images/wsymbols01_png_64/wsymbol_0004_black_low_cloud.png'],243,WSW,20,1,36,Belfast,2020-01-06
21,0,0,0,0,0,0,0,0,0,0,7,3,0,4,89,0.0,1015,4,2100,1,10,116,['Partly cloudy'],['https://assets.weatherstack.com/images/wsymbols01_png_64/wsymbol_0004_black_low_cloud.png'],237,WSW,19,0,35,Belfast,2020-01-06
22,0,0,0,0,0,0,0,0,0,0,12,3,0,4,89,0.0,1015,4,2200,1,10,116,['Partly cloudy'],['https://assets.weatherstack.com/images/wsymbols01_png_64/wsymbol_0004_black_low_cloud.png'],231,SW,19,0,35,Belfast,2020-01-06
23,0,0,0,0,0,0,0,0,0,0,18,2,0,4,89,0.0,1015,4,2300,1,10,116,['Partly cloudy'],['https://assets.weatherstack.com/images/wsymbols01_png_64/wsymbol_0004_black_low_cloud.png'],226,SW,18,0,35,Belfast,2020-01-06
0,0,0,0,0,0,0,0,0,0,0,23,2,0,4,89,0.0,1015,4,0,1,10,116,['Partly cloudy'],['https://assets.weatherstack.com/images/wsymbols01_png_64/wsymbol_0004_black_low_cloud.png'],220,SW,18,0,35,Belfast,2020-01-07
1,0,0,0,0,0,0,0,0,0,0,49,3,0,4,89,0.0,1015,4,100,1,10,116,['Partly cloudy'],['https://assets.weatherstack.com/images/wsymbols01_png_64/wsymbol_0004_black_low_cloud.png'],215,SW,19,0,36,Belfast,2020-01-07
2,0,0,0,0,0,0,0,0,0,0,74,3,1,5,88,0.0,1014,5,200,1,10,122,['Overcast'],['https://assets.weatherstack.com/images/wsymbols01_png_64/wsymbol_0004_black_low_cloud.png'],209,SSW,19,1,37,Belfast,2020-01-07
3,0,0,0,0,0,0,0,0,0,0,100,3,1,5,88,0.0,1014,5,300,1,10,122,['Overcast'],['https://assets.weatherstack.com/images/wsymbols01_png_64/wsymbol_0004_black_low_cloud.png'],204,SSW,20,1,38,Belfast,2020-01-07
4,0,0,0,0,0,0,0,0,0,0,100,4,1,5,88,0.0,1013,5,400,1,10,122,['Overcast'],['https://assets.weatherstack.com/images/wsymbols01_png_64/wsymbol_0004_black_low_cloud.png'],195,SSW,22,1,41,Belfast,2020-01-07
5,0,0,0,0,0,0,0,0,0,0,100,4,2,6,88,0.5,1012,6,500,1,9,296,['Light rain'],['https://assets.weatherstack.com/images/wsymbols01_png_64/wsymbol_0033_cloudy_with_light_rain_night.png'],187,S,24,2,45,Belfast,2020-01-07
6,0,0,0,0,0,0,0,0,0,0,100,5,2,6,89,0.6,1011,6,600,1,9,296,['Light rain'],['https://assets.weatherstack.com/images/wsymbols01_png_64/wsymbol_0033_cloudy_with_light_rain_night.png'],178,S,26,2,48,Belfast,2020-01-07
7,0,0,0,0,0,0,0,0,0,0,100,5,3,7,90,0.3,1010,7,700,1,9,296,['Light rain'],['https://assets.weatherstack.com/images/wsymbols01_png_64/wsymbol_0033_cloudy_with_light_rain_night.png'],188,S,25,3,47,Belfast,2020-01-07
8,0,0,0,0,0,0,0,0,0,0,100,6,4,8,92,0.0,1009,8,800,1,10,176,['Patchy rain possible'],['https://assets.weatherstack.com/images/wsymbols01_png_64/wsymbol_0025_light_rain_showers_night.png'],199,SSW,24,4,46,Belfast,2020-01-07
9,0,0,0,0,0,0,0,0,0,0,100,7,5,8,94,0.0,1008,8,900,1,10,176,['Patchy rain possible'],['https://assets.weatherstack.com/images/wsymbols01_png_64/wsymbol_0009_light_rain_showers.png'],209,SSW,23,5,45,Belfast,2020-01-07
10,0,0,0,0,0,0,0,0,0,0,94,9,6,10,93,0.0,1007,10,1000,1,7,176,['Patchy rain possible'],['https://assets.weatherstack.com/images/wsymbols01_png_64/wsymbol_0009_light_rain_showers.png'],203,SSW,26,6,46,Belfast,2020-01-07
11,0,0,0,0,0,0,0,0,0,0,88,10,8,11,92,0.2,1006,11,1100,1,5,266,['Light drizzle'],['https://assets.weatherstack.com/images/wsymbols01_png_64/wsymbol_0017_cloudy_with_light_rain.png'],198,SSW,28,8,47,Belfast,2020-01-07
12,0,0,0,0,0,0,0,0,0,0,83,11,10,13,91,0.3,1006,13,1200,1,2,266,['Light drizzle'],['https://assets.weatherstack.com/images/wsymbols01_png_64/wsymbol_0017_cloudy_with_light_rain.png'],193,SSW,31,10,48,Belfast,2020-01-07
13,0,0,0,0,0,0,0,0,0,0,88,11,10,13,90,0.1,1004,13,1300,1,2,266,['Light drizzle'],['https://assets.weatherstack.com/images/wsymbols01_png_64/wsymbol_0017_cloudy_with_light_rain.png'],202,SSW,32,10,50,Belfast,2020-01-07
14,0,0,0,0,0,0,0,0,0,0,94,12,11,13,90,0.2,1003,13,1400,1,2,266,['Light drizzle'],['https://assets.weatherstack.com/images/wsymbols01_png_64/wsymbol_0017_cloudy_with_light_rain.png'],211,SSW,32,11,51,Belfast,2020-01-07
15,0,0,0,0,0,0,0,0,0,0,100,12,11,14,89,0.3,1002,14,1500,1,2,266,['Light drizzle'],['https://assets.weatherstack.com/images/wsymbols01_png_64/wsymbol_0017_cloudy_with_light_rain.png'],221,SW,33,11,53,Belfast,2020-01-07
16,0,0,0,0,0,0,0,0,0,0,88,12,11,14,89,0.2,1002,14,1600,1,3,266,['Light drizzle'],['https://assets.weatherstack.com/images/wsymbols01_png_64/wsymbol_0017_cloudy_with_light_rain.png'],222,SW,33,11,54,Belfast,2020-01-07
17,0,0,0,0,0,0,0,0,0,0,77,11,11,13,88,0.2,1002,13,1700,1,4,263,['Patchy light drizzle'],['https://assets.weatherstack.com/images/wsymbols01_png_64/wsymbol_0025_light_rain_showers_night.png'],223,SW,33,11,55,Belfast,2020-01-07
18,0,0,0,0,0,0,0,0,0,0,65,11,10,13,87,0.3,1003,13,1800,1,5,263,['Patchy light drizzle'],['https://assets.weatherstack.com/images/wsymbols01_png_64/wsymbol_0025_light_rain_showers_night.png'],224,SW,33,10,56,Belfast,2020-01-07
19,0,0,0,0,0,0,0,0,0,0,72,9,9,12,85,0.2,1003,12,1900,1,6,263,['Patchy light drizzle'],['https://assets.weatherstack.com/images/wsymbols01_png_64/wsymbol_0025_light_rain_showers_night.png'],231,SW,34,9,57,Belfast,2020-01-07
20,0,0,0,0,0,0,0,0,0,0,78,8,7,11,82,0.1,1004,11,2000,1,8,176,['Patchy rain possible'],['https://assets.weatherstack.com/images/wsymbols01_png_64/wsymbol_0025_light_rain_showers_night.png'],237,WSW,36,7,57,Belfast,2020-01-07
21,0,0,0,0,0,0,0,0,0,0,84,6,6,10,80,0.1,1004,10,2100,1,9,176,['Patchy rain possible'],['https://assets.weatherstack.com/images/wsymbols01_png_64/wsymbol_0025_light_rain_showers_night.png'],243,WSW,37,6,58,Belfast,2020-01-07
22,0,0,0,0,0,0,0,0,0,0,64,6,5,9,81,0.0,1006,9,2200,1,9,176,['Patchy rain possible'],['https://assets.weatherstack.com/images/wsymbols01_png_64/wsymbol_0025_light_rain_showers_night.png'],252,WSW,33,5,53,Belfast,2020-01-07
23,0,0,0,0,0,0,0,0,0,0,44,5,5,8,81,0.0,1008,8,2300,1,10,116,['Partly cloudy'],['https://assets.weatherstack.com/images/wsymbols01_png_64/wsymbol_0004_black_low_cloud.png'],261,W,30,5,48,Belfast,2020-01-07
